{
  "width": 640,
  "height": 360,
  "fps": 30,
  "main": "./script/aez_bundle_main.js",
  "assets": {
    "img_numbers_n": {
      "type": "image",
      "width": 364,
      "height": 64,
      "path": "files/3dcf3291221e5531e18c.png",
      "virtualPath": "image/img_numbers_n.png"
    },
    "img_numbers_n_red": {
      "type": "image",
      "width": 364,
      "height": 32,
      "path": "files/0cbe6151ef7466d9d419.png",
      "virtualPath": "image/img_numbers_n_red.png"
    },
    "test": {
      "type": "text",
      "path": "files/13f8483e8e0aa4660e8e.json",
      "virtualPath": "text/test.json"
    },
    "fish": {
      "type": "image",
      "width": 100,
      "height": 100,
      "path": "files/1e3ee046b5e010af8bce.png",
      "virtualPath": "image/fish.png"
    },
    "kuma": {
      "type": "image",
      "width": 300,
      "height": 150,
      "path": "files/6a61b091be49bae89d15.png",
      "virtualPath": "image/kuma.png"
    },
    "line": {
      "type": "image",
      "width": 640,
      "height": 40,
      "path": "files/5a1929b62786a9f37d2f.png",
      "virtualPath": "image/line.png"
    },
    "pt": {
      "type": "image",
      "width": 32,
      "height": 38,
      "path": "files/526b80e5fd3086ed8d85.png",
      "virtualPath": "image/pt.png"
    },
    "time": {
      "type": "image",
      "width": 38,
      "height": 38,
      "path": "files/834f6f7b833bbd30f0bc.png",
      "virtualPath": "image/time.png"
    },
    "finish": {
      "type": "image",
      "width": 360,
      "height": 150,
      "path": "files/2ff0304073c2deea7fdc.png",
      "virtualPath": "image/finish.png"
    },
    "start": {
      "type": "image",
      "width": 500,
      "height": 150,
      "path": "files/fad71188a75b7f48f032.png",
      "virtualPath": "image/start.png"
    },
    "tairyou": {
      "type": "image",
      "width": 360,
      "height": 150,
      "path": "files/af48ff61e6f947b4bd8a.png",
      "virtualPath": "image/tairyou.png"
    },
    "warning": {
      "type": "image",
      "width": 550,
      "height": 150,
      "path": "files/b9dac8783b77a9288f12.png",
      "virtualPath": "image/warning.png"
    },
    "fish2": {
      "type": "image",
      "width": 100,
      "height": 100,
      "path": "files/20e27b044891012f3466.png",
      "virtualPath": "image/fish2.png"
    },
    "ebi": {
      "type": "image",
      "width": 130,
      "height": 130,
      "path": "files/297c777206561cce8da7.png",
      "virtualPath": "image/ebi.png"
    },
    "ika": {
      "type": "image",
      "width": 130,
      "height": 130,
      "path": "files/745fb39962eabfea75df.png",
      "virtualPath": "image/ika.png"
    },
    "kame": {
      "type": "image",
      "width": 213,
      "height": 200,
      "path": "files/135a0464717ddc29292c.png",
      "virtualPath": "image/kame.png"
    },
    "kani": {
      "type": "image",
      "width": 130,
      "height": 130,
      "path": "files/16f2daea7cdeb6d6ae03.png",
      "virtualPath": "image/kani.png"
    },
    "ningyo": {
      "type": "image",
      "width": 213,
      "height": 200,
      "path": "files/6f8f906f00b914f9f322.png",
      "virtualPath": "image/ningyo.png"
    },
    "pengin": {
      "type": "image",
      "width": 213,
      "height": 200,
      "path": "files/41fe539da967efe96e11.png",
      "virtualPath": "image/pengin.png"
    },
    "hebi": {
      "type": "image",
      "width": 400,
      "height": 300,
      "path": "files/fa0b167487bae9e42b69.png",
      "virtualPath": "image/hebi.png"
    },
    "iruka": {
      "type": "image",
      "width": 400,
      "height": 300,
      "path": "files/39ca706fc0be7f23dbed.png",
      "virtualPath": "image/iruka.png"
    },
    "king": {
      "type": "image",
      "width": 400,
      "height": 300,
      "path": "files/54de68689b2ac024674f.png",
      "virtualPath": "image/king.png"
    },
    "kurage": {
      "type": "image",
      "width": 100,
      "height": 200,
      "path": "files/a2bccfce866cbb4f9251.png",
      "virtualPath": "image/kurage.png"
    },
    "maguro": {
      "type": "image",
      "width": 213,
      "height": 200,
      "path": "files/97b237d29b99275cc92d.png",
      "virtualPath": "image/maguro.png"
    },
    "robo": {
      "type": "image",
      "width": 400,
      "height": 300,
      "path": "files/ef168eb04320126a414c.png",
      "virtualPath": "image/robo.png"
    },
    "same": {
      "type": "image",
      "width": 400,
      "height": 300,
      "path": "files/b810117dfc29cd3682c2.png",
      "virtualPath": "image/same.png"
    },
    "siva": {
      "type": "image",
      "width": 400,
      "height": 300,
      "path": "files/e6e3d15d3eebd1b33fd5.png",
      "virtualPath": "image/siva.png"
    },
    "tako": {
      "type": "image",
      "width": 400,
      "height": 300,
      "path": "files/b2cb9d7846f5e677c293.png",
      "virtualPath": "image/tako.png"
    },
    "hari": {
      "type": "image",
      "width": 60,
      "height": 30,
      "path": "files/47438010991a4c4d021b.png",
      "virtualPath": "image/hari.png"
    },
    "name": {
      "type": "image",
      "width": 150,
      "height": 510,
      "path": "files/80566af0b9fa1a249dad.png",
      "virtualPath": "image/name.png"
    },
    "hand": {
      "type": "image",
      "width": 150,
      "height": 180,
      "path": "files/20e9cb0fa6d77a6d4eab.png",
      "virtualPath": "image/hand.png"
    },
    "title": {
      "type": "image",
      "width": 500,
      "height": 360,
      "path": "files/6a2fc763d1ca590c49f9.png",
      "virtualPath": "image/title.png"
    },
    "tairyou2": {
      "type": "image",
      "width": 280,
      "height": 80,
      "path": "files/f30ca8050e9fa7c634ce.png",
      "virtualPath": "image/tairyou2.png"
    },
    "bgm": {
      "type": "audio",
      "path": "files/6e6ed82de3ca7cdfa409",
      "systemId": "music",
      "duration": 27950,
      "virtualPath": "audio/bgm"
    },
    "biri": {
      "type": "audio",
      "path": "files/6c02b9521d4d2fc2065f",
      "systemId": "sound",
      "duration": 2064,
      "virtualPath": "audio/biri"
    },
    "clear": {
      "type": "audio",
      "path": "files/fcc9e18699b697f7565f",
      "systemId": "sound",
      "duration": 732,
      "virtualPath": "audio/clear"
    },
    "move": {
      "type": "audio",
      "path": "files/d0f813c22ca330639599",
      "systemId": "sound",
      "duration": 105,
      "virtualPath": "audio/move"
    },
    "miss": {
      "type": "audio",
      "path": "files/67db637a193974f48e81",
      "systemId": "sound",
      "duration": 360,
      "virtualPath": "audio/miss"
    },
    "se_start": {
      "type": "audio",
      "path": "files/9a33ab5f9c9b2521552d",
      "systemId": "sound",
      "duration": 1701,
      "virtualPath": "audio/se_start"
    },
    "se_timeup": {
      "type": "audio",
      "path": "files/3cd7bec6fc575a6d73a7",
      "systemId": "sound",
      "duration": 1080,
      "virtualPath": "audio/se_timeup"
    },
    "aez_bundle_main": {
      "type": "script",
      "global": true,
      "path": "files/f086925699839f7a9594.js",
      "virtualPath": "script/aez_bundle_main.js"
    }
  },
  "environment": {
    "sandbox-runtime": "2",
    "niconico": {
      "supportedModes": [
        "single",
        "ranking"
      ]
    },
    "external": {
      "send": "0"
    },
    "akashic-runtime": {
      "version": "~2.1.13",
      "flavor": "-canvas"
    }
  },
  "globalScripts": [],
  "moduleMainScripts": {
    "@akashic-extension/akashic-timeline": "node_modules/@akashic-extension/akashic-timeline/lib/index.js"
  }
}